angle,image
0,./data_train/sample0.jpg
4,./data_train/sample1.jpg
4,./data_train/sample2.jpg
-3,./data_train/sample3.jpg
-5,./data_train/sample4.jpg
8,./data_train/sample5.jpg
-6,./data_train/sample6.jpg
0,./data_train/sample7.jpg
-4,./data_train/sample8.jpg
-3,./data_train/sample9.jpg
-10,./data_train/sample10.jpg
1,./data_train/sample11.jpg
10,./data_train/sample12.jpg
6,./data_train/sample13.jpg
6,./data_train/sample14.jpg
6,./data_train/sample15.jpg
-2,./data_train/sample16.jpg
-6,./data_train/sample17.jpg
4,./data_train/sample18.jpg
-8,./data_train/sample19.jpg
-8,./data_train/sample20.jpg
-7,./data_train/sample21.jpg
-6,./data_train/sample22.jpg
-6,./data_train/sample23.jpg
0,./data_train/sample24.jpg
-9,./data_train/sample25.jpg
5,./data_train/sample26.jpg
7,./data_train/sample27.jpg
7,./data_train/sample28.jpg
9,./data_train/sample29.jpg
-3,./data_train/sample30.jpg
-9,./data_train/sample31.jpg
-1,./data_train/sample32.jpg
-5,./data_train/sample33.jpg
5,./data_train/sample34.jpg
-10,./data_train/sample35.jpg
-2,./data_train/sample36.jpg
6,./data_train/sample37.jpg
10,./data_train/sample38.jpg
-2,./data_train/sample39.jpg
0,./data_train/sample40.jpg
5,./data_train/sample41.jpg
5,./data_train/sample42.jpg
10,./data_train/sample43.jpg
5,./data_train/sample44.jpg
-1,./data_train/sample45.jpg
-1,./data_train/sample46.jpg
-5,./data_train/sample47.jpg
-4,./data_train/sample48.jpg
1,./data_train/sample49.jpg
-2,./data_train/sample50.jpg
-7,./data_train/sample51.jpg
0,./data_train/sample52.jpg
-4,./data_train/sample53.jpg
-2,./data_train/sample54.jpg
5,./data_train/sample55.jpg
7,./data_train/sample56.jpg
2,./data_train/sample57.jpg
10,./data_train/sample58.jpg
-9,./data_train/sample59.jpg
8,./data_train/sample60.jpg
-8,./data_train/sample61.jpg
1,./data_train/sample62.jpg
4,./data_train/sample63.jpg
2,./data_train/sample64.jpg
10,./data_train/sample65.jpg
4,./data_train/sample66.jpg
8,./data_train/sample67.jpg
-8,./data_train/sample68.jpg
-10,./data_train/sample69.jpg
9,./data_train/sample70.jpg
-9,./data_train/sample71.jpg
-1,./data_train/sample72.jpg
-4,./data_train/sample73.jpg
6,./data_train/sample74.jpg
-3,./data_train/sample75.jpg
-9,./data_train/sample76.jpg
-6,./data_train/sample77.jpg
-8,./data_train/sample78.jpg
-4,./data_train/sample79.jpg
-3,./data_train/sample80.jpg
4,./data_train/sample81.jpg
0,./data_train/sample82.jpg
-6,./data_train/sample83.jpg
-5,./data_train/sample84.jpg
0,./data_train/sample85.jpg
1,./data_train/sample86.jpg
0,./data_train/sample87.jpg
9,./data_train/sample88.jpg
0,./data_train/sample89.jpg
10,./data_train/sample90.jpg
-1,./data_train/sample91.jpg
3,./data_train/sample92.jpg
-9,./data_train/sample93.jpg
10,./data_train/sample94.jpg
-8,./data_train/sample95.jpg
0,./data_train/sample96.jpg
-5,./data_train/sample97.jpg
4,./data_train/sample98.jpg
0,./data_train/sample99.jpg
-1,./data_train/sample100.jpg
2,./data_train/sample101.jpg
9,./data_train/sample102.jpg
-9,./data_train/sample103.jpg
-1,./data_train/sample104.jpg
7,./data_train/sample105.jpg
9,./data_train/sample106.jpg
-8,./data_train/sample107.jpg
3,./data_train/sample108.jpg
3,./data_train/sample109.jpg
5,./data_train/sample110.jpg
-10,./data_train/sample111.jpg
-5,./data_train/sample112.jpg
-4,./data_train/sample113.jpg
-7,./data_train/sample114.jpg
10,./data_train/sample115.jpg
-5,./data_train/sample116.jpg
-2,./data_train/sample117.jpg
-6,./data_train/sample118.jpg
2,./data_train/sample119.jpg
-7,./data_train/sample120.jpg
4,./data_train/sample121.jpg
10,./data_train/sample122.jpg
8,./data_train/sample123.jpg
2,./data_train/sample124.jpg
9,./data_train/sample125.jpg
0,./data_train/sample126.jpg
0,./data_train/sample127.jpg
10,./data_train/sample128.jpg
-4,./data_train/sample129.jpg
-8,./data_train/sample130.jpg
6,./data_train/sample131.jpg
9,./data_train/sample132.jpg
-4,./data_train/sample133.jpg
-10,./data_train/sample134.jpg
8,./data_train/sample135.jpg
1,./data_train/sample136.jpg
0,./data_train/sample137.jpg
-4,./data_train/sample138.jpg
8,./data_train/sample139.jpg
7,./data_train/sample140.jpg
3,./data_train/sample141.jpg
-2,./data_train/sample142.jpg
2,./data_train/sample143.jpg
7,./data_train/sample144.jpg
-3,./data_train/sample145.jpg
4,./data_train/sample146.jpg
7,./data_train/sample147.jpg
7,./data_train/sample148.jpg
-6,./data_train/sample149.jpg
-9,./data_train/sample150.jpg
-2,./data_train/sample151.jpg
-9,./data_train/sample152.jpg
6,./data_train/sample153.jpg
9,./data_train/sample154.jpg
-2,./data_train/sample155.jpg
2,./data_train/sample156.jpg
-7,./data_train/sample157.jpg
10,./data_train/sample158.jpg
-8,./data_train/sample159.jpg
-5,./data_train/sample160.jpg
8,./data_train/sample161.jpg
7,./data_train/sample162.jpg
-9,./data_train/sample163.jpg
3,./data_train/sample164.jpg
10,./data_train/sample165.jpg
-4,./data_train/sample166.jpg
0,./data_train/sample167.jpg
-6,./data_train/sample168.jpg
-3,./data_train/sample169.jpg
-8,./data_train/sample170.jpg
2,./data_train/sample171.jpg
-10,./data_train/sample172.jpg
8,./data_train/sample173.jpg
3,./data_train/sample174.jpg
-2,./data_train/sample175.jpg
-3,./data_train/sample176.jpg
8,./data_train/sample177.jpg
-5,./data_train/sample178.jpg
-4,./data_train/sample179.jpg
-8,./data_train/sample180.jpg
0,./data_train/sample181.jpg
7,./data_train/sample182.jpg
-1,./data_train/sample183.jpg
10,./data_train/sample184.jpg
-10,./data_train/sample185.jpg
1,./data_train/sample186.jpg
-7,./data_train/sample187.jpg
7,./data_train/sample188.jpg
-5,./data_train/sample189.jpg
0,./data_train/sample190.jpg
10,./data_train/sample191.jpg
5,./data_train/sample192.jpg
4,./data_train/sample193.jpg
-9,./data_train/sample194.jpg
-8,./data_train/sample195.jpg
-5,./data_train/sample196.jpg
1,./data_train/sample197.jpg
9,./data_train/sample198.jpg
7,./data_train/sample199.jpg
8,./data_train/sample200.jpg
2,./data_train/sample201.jpg
1,./data_train/sample202.jpg
7,./data_train/sample203.jpg
-10,./data_train/sample204.jpg
0,./data_train/sample205.jpg
0,./data_train/sample206.jpg
7,./data_train/sample207.jpg
10,./data_train/sample208.jpg
-10,./data_train/sample209.jpg
-7,./data_train/sample210.jpg
-9,./data_train/sample211.jpg
5,./data_train/sample212.jpg
-9,./data_train/sample213.jpg
0,./data_train/sample214.jpg
-9,./data_train/sample215.jpg
0,./data_train/sample216.jpg
9,./data_train/sample217.jpg
9,./data_train/sample218.jpg
-1,./data_train/sample219.jpg
-1,./data_train/sample220.jpg
9,./data_train/sample221.jpg
9,./data_train/sample222.jpg
5,./data_train/sample223.jpg
-2,./data_train/sample224.jpg
-1,./data_train/sample225.jpg
4,./data_train/sample226.jpg
-3,./data_train/sample227.jpg
4,./data_train/sample228.jpg
1,./data_train/sample229.jpg
-4,./data_train/sample230.jpg
-10,./data_train/sample231.jpg
-10,./data_train/sample232.jpg
10,./data_train/sample233.jpg
5,./data_train/sample234.jpg
10,./data_train/sample235.jpg
-7,./data_train/sample236.jpg
10,./data_train/sample237.jpg
10,./data_train/sample238.jpg
10,./data_train/sample239.jpg
10,./data_train/sample240.jpg
-7,./data_train/sample241.jpg
9,./data_train/sample242.jpg
5,./data_train/sample243.jpg
4,./data_train/sample244.jpg
-10,./data_train/sample245.jpg
0,./data_train/sample246.jpg
-3,./data_train/sample247.jpg
-8,./data_train/sample248.jpg
3,./data_train/sample249.jpg
5,./data_train/sample250.jpg
-7,./data_train/sample251.jpg
6,./data_train/sample252.jpg
-8,./data_train/sample253.jpg
1,./data_train/sample254.jpg
-7,./data_train/sample255.jpg
3,./data_train/sample256.jpg
8,./data_train/sample257.jpg
6,./data_train/sample258.jpg
-3,./data_train/sample259.jpg
9,./data_train/sample260.jpg
-4,./data_train/sample261.jpg
-2,./data_train/sample262.jpg
-4,./data_train/sample263.jpg
-5,./data_train/sample264.jpg
-2,./data_train/sample265.jpg
-2,./data_train/sample266.jpg
4,./data_train/sample267.jpg
10,./data_train/sample268.jpg
2,./data_train/sample269.jpg
2,./data_train/sample270.jpg
9,./data_train/sample271.jpg
3,./data_train/sample272.jpg
10,./data_train/sample273.jpg
-9,./data_train/sample274.jpg
7,./data_train/sample275.jpg
-6,./data_train/sample276.jpg
3,./data_train/sample277.jpg
-9,./data_train/sample278.jpg
-8,./data_train/sample279.jpg
-3,./data_train/sample280.jpg
-4,./data_train/sample281.jpg
-2,./data_train/sample282.jpg
5,./data_train/sample283.jpg
-10,./data_train/sample284.jpg
4,./data_train/sample285.jpg
-8,./data_train/sample286.jpg
9,./data_train/sample287.jpg
-1,./data_train/sample288.jpg
-7,./data_train/sample289.jpg
5,./data_train/sample290.jpg
1,./data_train/sample291.jpg
7,./data_train/sample292.jpg
8,./data_train/sample293.jpg
-5,./data_train/sample294.jpg
0,./data_train/sample295.jpg
9,./data_train/sample296.jpg
-8,./data_train/sample297.jpg
-5,./data_train/sample298.jpg
-3,./data_train/sample299.jpg
0,./data_train/sample300.jpg
-6,./data_train/sample301.jpg
0,./data_train/sample302.jpg
-10,./data_train/sample303.jpg
-10,./data_train/sample304.jpg
-10,./data_train/sample305.jpg
1,./data_train/sample306.jpg
7,./data_train/sample307.jpg
-9,./data_train/sample308.jpg
-2,./data_train/sample309.jpg
-4,./data_train/sample310.jpg
3,./data_train/sample311.jpg
10,./data_train/sample312.jpg
5,./data_train/sample313.jpg
-9,./data_train/sample314.jpg
0,./data_train/sample315.jpg
-3,./data_train/sample316.jpg
4,./data_train/sample317.jpg
3,./data_train/sample318.jpg
-9,./data_train/sample319.jpg
6,./data_train/sample320.jpg
-7,./data_train/sample321.jpg
-9,./data_train/sample322.jpg
5,./data_train/sample323.jpg
8,./data_train/sample324.jpg
-3,./data_train/sample325.jpg
-7,./data_train/sample326.jpg
-8,./data_train/sample327.jpg
10,./data_train/sample328.jpg
5,./data_train/sample329.jpg
0,./data_train/sample330.jpg
8,./data_train/sample331.jpg
-8,./data_train/sample332.jpg
-10,./data_train/sample333.jpg
-8,./data_train/sample334.jpg
-9,./data_train/sample335.jpg
-2,./data_train/sample336.jpg
9,./data_train/sample337.jpg
0,./data_train/sample338.jpg
-5,./data_train/sample339.jpg
-1,./data_train/sample340.jpg
-6,./data_train/sample341.jpg
-5,./data_train/sample342.jpg
-1,./data_train/sample343.jpg
9,./data_train/sample344.jpg
-10,./data_train/sample345.jpg
6,./data_train/sample346.jpg
6,./data_train/sample347.jpg
-3,./data_train/sample348.jpg
5,./data_train/sample349.jpg
-7,./data_train/sample350.jpg
-3,./data_train/sample351.jpg
6,./data_train/sample352.jpg
0,./data_train/sample353.jpg
1,./data_train/sample354.jpg
0,./data_train/sample355.jpg
0,./data_train/sample356.jpg
-7,./data_train/sample357.jpg
-9,./data_train/sample358.jpg
0,./data_train/sample359.jpg
0,./data_train/sample360.jpg
-3,./data_train/sample361.jpg
-6,./data_train/sample362.jpg
-1,./data_train/sample363.jpg
6,./data_train/sample364.jpg
10,./data_train/sample365.jpg
-3,./data_train/sample366.jpg
-7,./data_train/sample367.jpg
-10,./data_train/sample368.jpg
3,./data_train/sample369.jpg
1,./data_train/sample370.jpg
-6,./data_train/sample371.jpg
-1,./data_train/sample372.jpg
9,./data_train/sample373.jpg
2,./data_train/sample374.jpg
10,./data_train/sample375.jpg
5,./data_train/sample376.jpg
2,./data_train/sample377.jpg
-5,./data_train/sample378.jpg
6,./data_train/sample379.jpg
0,./data_train/sample380.jpg
9,./data_train/sample381.jpg
-3,./data_train/sample382.jpg
-7,./data_train/sample383.jpg
4,./data_train/sample384.jpg
-3,./data_train/sample385.jpg
-3,./data_train/sample386.jpg
-8,./data_train/sample387.jpg
10,./data_train/sample388.jpg
-6,./data_train/sample389.jpg
-4,./data_train/sample390.jpg
-7,./data_train/sample391.jpg
5,./data_train/sample392.jpg
-2,./data_train/sample393.jpg
-8,./data_train/sample394.jpg
-2,./data_train/sample395.jpg
8,./data_train/sample396.jpg
-1,./data_train/sample397.jpg
5,./data_train/sample398.jpg
4,./data_train/sample399.jpg
4,./data_train/sample400.jpg
1,./data_train/sample401.jpg
8,./data_train/sample402.jpg
7,./data_train/sample403.jpg
5,./data_train/sample404.jpg
-2,./data_train/sample405.jpg
10,./data_train/sample406.jpg
1,./data_train/sample407.jpg
-10,./data_train/sample408.jpg
-9,./data_train/sample409.jpg
-2,./data_train/sample410.jpg
-4,./data_train/sample411.jpg
-7,./data_train/sample412.jpg
-1,./data_train/sample413.jpg
-6,./data_train/sample414.jpg
-1,./data_train/sample415.jpg
4,./data_train/sample416.jpg
-9,./data_train/sample417.jpg
5,./data_train/sample418.jpg
9,./data_train/sample419.jpg
-3,./data_train/sample420.jpg
-8,./data_train/sample421.jpg
8,./data_train/sample422.jpg
4,./data_train/sample423.jpg
5,./data_train/sample424.jpg
-7,./data_train/sample425.jpg
7,./data_train/sample426.jpg
-3,./data_train/sample427.jpg
0,./data_train/sample428.jpg
-1,./data_train/sample429.jpg
-9,./data_train/sample430.jpg
0,./data_train/sample431.jpg
0,./data_train/sample432.jpg
3,./data_train/sample433.jpg
6,./data_train/sample434.jpg
-4,./data_train/sample435.jpg
10,./data_train/sample436.jpg
-2,./data_train/sample437.jpg
0,./data_train/sample438.jpg
8,./data_train/sample439.jpg
-8,./data_train/sample440.jpg
-5,./data_train/sample441.jpg
-5,./data_train/sample442.jpg
0,./data_train/sample443.jpg
-10,./data_train/sample444.jpg
1,./data_train/sample445.jpg
-10,./data_train/sample446.jpg
-10,./data_train/sample447.jpg
10,./data_train/sample448.jpg
0,./data_train/sample449.jpg
1,./data_train/sample450.jpg
-6,./data_train/sample451.jpg
-9,./data_train/sample452.jpg
3,./data_train/sample453.jpg
-1,./data_train/sample454.jpg
8,./data_train/sample455.jpg
-5,./data_train/sample456.jpg
0,./data_train/sample457.jpg
2,./data_train/sample458.jpg
4,./data_train/sample459.jpg
6,./data_train/sample460.jpg
5,./data_train/sample461.jpg
2,./data_train/sample462.jpg
-10,./data_train/sample463.jpg
-6,./data_train/sample464.jpg
-7,./data_train/sample465.jpg
6,./data_train/sample466.jpg
10,./data_train/sample467.jpg
4,./data_train/sample468.jpg
6,./data_train/sample469.jpg
-3,./data_train/sample470.jpg
-3,./data_train/sample471.jpg
-10,./data_train/sample472.jpg
-10,./data_train/sample473.jpg
8,./data_train/sample474.jpg
4,./data_train/sample475.jpg
3,./data_train/sample476.jpg
-10,./data_train/sample477.jpg
-2,./data_train/sample478.jpg
-1,./data_train/sample479.jpg
0,./data_train/sample480.jpg
-4,./data_train/sample481.jpg
3,./data_train/sample482.jpg
2,./data_train/sample483.jpg
-2,./data_train/sample484.jpg
-1,./data_train/sample485.jpg
5,./data_train/sample486.jpg
-9,./data_train/sample487.jpg
-9,./data_train/sample488.jpg
8,./data_train/sample489.jpg
10,./data_train/sample490.jpg
0,./data_train/sample491.jpg
8,./data_train/sample492.jpg
-2,./data_train/sample493.jpg
-4,./data_train/sample494.jpg
-2,./data_train/sample495.jpg
-9,./data_train/sample496.jpg
6,./data_train/sample497.jpg
-5,./data_train/sample498.jpg
-10,./data_train/sample499.jpg
3,./data_train/sample500.jpg
-6,./data_train/sample501.jpg
2,./data_train/sample502.jpg
-4,./data_train/sample503.jpg
7,./data_train/sample504.jpg
7,./data_train/sample505.jpg
-9,./data_train/sample506.jpg
-3,./data_train/sample507.jpg
-1,./data_train/sample508.jpg
0,./data_train/sample509.jpg
8,./data_train/sample510.jpg
-4,./data_train/sample511.jpg
4,./data_train/sample512.jpg
-2,./data_train/sample513.jpg
5,./data_train/sample514.jpg
-8,./data_train/sample515.jpg
3,./data_train/sample516.jpg
-1,./data_train/sample517.jpg
-5,./data_train/sample518.jpg
-8,./data_train/sample519.jpg
-1,./data_train/sample520.jpg
9,./data_train/sample521.jpg
-4,./data_train/sample522.jpg
2,./data_train/sample523.jpg
-5,./data_train/sample524.jpg
-9,./data_train/sample525.jpg
-1,./data_train/sample526.jpg
2,./data_train/sample527.jpg
3,./data_train/sample528.jpg
4,./data_train/sample529.jpg
-6,./data_train/sample530.jpg
1,./data_train/sample531.jpg
1,./data_train/sample532.jpg
2,./data_train/sample533.jpg
5,./data_train/sample534.jpg
4,./data_train/sample535.jpg
-3,./data_train/sample536.jpg
8,./data_train/sample537.jpg
0,./data_train/sample538.jpg
-4,./data_train/sample539.jpg
5,./data_train/sample540.jpg
0,./data_train/sample541.jpg
9,./data_train/sample542.jpg
-9,./data_train/sample543.jpg
-1,./data_train/sample544.jpg
-5,./data_train/sample545.jpg
10,./data_train/sample546.jpg
6,./data_train/sample547.jpg
5,./data_train/sample548.jpg
0,./data_train/sample549.jpg
3,./data_train/sample550.jpg
-10,./data_train/sample551.jpg
9,./data_train/sample552.jpg
9,./data_train/sample553.jpg
-1,./data_train/sample554.jpg
0,./data_train/sample555.jpg
2,./data_train/sample556.jpg
-9,./data_train/sample557.jpg
6,./data_train/sample558.jpg
7,./data_train/sample559.jpg
-2,./data_train/sample560.jpg
7,./data_train/sample561.jpg
7,./data_train/sample562.jpg
-3,./data_train/sample563.jpg
-9,./data_train/sample564.jpg
0,./data_train/sample565.jpg
3,./data_train/sample566.jpg
8,./data_train/sample567.jpg
-5,./data_train/sample568.jpg
-9,./data_train/sample569.jpg
-4,./data_train/sample570.jpg
-1,./data_train/sample571.jpg
10,./data_train/sample572.jpg
-1,./data_train/sample573.jpg
-3,./data_train/sample574.jpg
-9,./data_train/sample575.jpg
-6,./data_train/sample576.jpg
0,./data_train/sample577.jpg
-5,./data_train/sample578.jpg
1,./data_train/sample579.jpg
-2,./data_train/sample580.jpg
7,./data_train/sample581.jpg
5,./data_train/sample582.jpg
2,./data_train/sample583.jpg
5,./data_train/sample584.jpg
4,./data_train/sample585.jpg
-2,./data_train/sample586.jpg
1,./data_train/sample587.jpg
8,./data_train/sample588.jpg
1,./data_train/sample589.jpg
10,./data_train/sample590.jpg
3,./data_train/sample591.jpg
-7,./data_train/sample592.jpg
-7,./data_train/sample593.jpg
7,./data_train/sample594.jpg
9,./data_train/sample595.jpg
-3,./data_train/sample596.jpg
0,./data_train/sample597.jpg
-2,./data_train/sample598.jpg
0,./data_train/sample599.jpg
-3,./data_train/sample600.jpg
4,./data_train/sample601.jpg
-1,./data_train/sample602.jpg
10,./data_train/sample603.jpg
-8,./data_train/sample604.jpg
-4,./data_train/sample605.jpg
-8,./data_train/sample606.jpg
-6,./data_train/sample607.jpg
5,./data_train/sample608.jpg
-5,./data_train/sample609.jpg
9,./data_train/sample610.jpg
2,./data_train/sample611.jpg
-3,./data_train/sample612.jpg
-10,./data_train/sample613.jpg
8,./data_train/sample614.jpg
-8,./data_train/sample615.jpg
-1,./data_train/sample616.jpg
-6,./data_train/sample617.jpg
7,./data_train/sample618.jpg
6,./data_train/sample619.jpg
0,./data_train/sample620.jpg
0,./data_train/sample621.jpg
8,./data_train/sample622.jpg
-3,./data_train/sample623.jpg
10,./data_train/sample624.jpg
2,./data_train/sample625.jpg
-3,./data_train/sample626.jpg
-6,./data_train/sample627.jpg
10,./data_train/sample628.jpg
-4,./data_train/sample629.jpg
1,./data_train/sample630.jpg
0,./data_train/sample631.jpg
9,./data_train/sample632.jpg
-1,./data_train/sample633.jpg
-4,./data_train/sample634.jpg
0,./data_train/sample635.jpg
3,./data_train/sample636.jpg
3,./data_train/sample637.jpg
6,./data_train/sample638.jpg
-2,./data_train/sample639.jpg
6,./data_train/sample640.jpg
-7,./data_train/sample641.jpg
5,./data_train/sample642.jpg
7,./data_train/sample643.jpg
-3,./data_train/sample644.jpg
-7,./data_train/sample645.jpg
1,./data_train/sample646.jpg
0,./data_train/sample647.jpg
-8,./data_train/sample648.jpg
6,./data_train/sample649.jpg
0,./data_train/sample650.jpg
7,./data_train/sample651.jpg
1,./data_train/sample652.jpg
4,./data_train/sample653.jpg
8,./data_train/sample654.jpg
-4,./data_train/sample655.jpg
-2,./data_train/sample656.jpg
5,./data_train/sample657.jpg
-10,./data_train/sample658.jpg
0,./data_train/sample659.jpg
7,./data_train/sample660.jpg
-3,./data_train/sample661.jpg
0,./data_train/sample662.jpg
8,./data_train/sample663.jpg
3,./data_train/sample664.jpg
2,./data_train/sample665.jpg
9,./data_train/sample666.jpg
0,./data_train/sample667.jpg
-2,./data_train/sample668.jpg
8,./data_train/sample669.jpg
-1,./data_train/sample670.jpg
8,./data_train/sample671.jpg
7,./data_train/sample672.jpg
-2,./data_train/sample673.jpg
0,./data_train/sample674.jpg
-8,./data_train/sample675.jpg
2,./data_train/sample676.jpg
-3,./data_train/sample677.jpg
-4,./data_train/sample678.jpg
-6,./data_train/sample679.jpg
-6,./data_train/sample680.jpg
0,./data_train/sample681.jpg
9,./data_train/sample682.jpg
-10,./data_train/sample683.jpg
-10,./data_train/sample684.jpg
4,./data_train/sample685.jpg
-5,./data_train/sample686.jpg
1,./data_train/sample687.jpg
-10,./data_train/sample688.jpg
1,./data_train/sample689.jpg
-6,./data_train/sample690.jpg
-3,./data_train/sample691.jpg
3,./data_train/sample692.jpg
4,./data_train/sample693.jpg
-9,./data_train/sample694.jpg
2,./data_train/sample695.jpg
-2,./data_train/sample696.jpg
-3,./data_train/sample697.jpg
-9,./data_train/sample698.jpg
-1,./data_train/sample699.jpg
-10,./data_train/sample700.jpg
2,./data_train/sample701.jpg
-3,./data_train/sample702.jpg
8,./data_train/sample703.jpg
2,./data_train/sample704.jpg
-6,./data_train/sample705.jpg
6,./data_train/sample706.jpg
7,./data_train/sample707.jpg
-8,./data_train/sample708.jpg
4,./data_train/sample709.jpg
-10,./data_train/sample710.jpg
4,./data_train/sample711.jpg
-1,./data_train/sample712.jpg
8,./data_train/sample713.jpg
-1,./data_train/sample714.jpg
7,./data_train/sample715.jpg
-10,./data_train/sample716.jpg
-7,./data_train/sample717.jpg
-9,./data_train/sample718.jpg
1,./data_train/sample719.jpg
-2,./data_train/sample720.jpg
-8,./data_train/sample721.jpg
9,./data_train/sample722.jpg
7,./data_train/sample723.jpg
0,./data_train/sample724.jpg
8,./data_train/sample725.jpg
3,./data_train/sample726.jpg
-10,./data_train/sample727.jpg
0,./data_train/sample728.jpg
1,./data_train/sample729.jpg
3,./data_train/sample730.jpg
-5,./data_train/sample731.jpg
4,./data_train/sample732.jpg
1,./data_train/sample733.jpg
-8,./data_train/sample734.jpg
9,./data_train/sample735.jpg
9,./data_train/sample736.jpg
0,./data_train/sample737.jpg
-3,./data_train/sample738.jpg
4,./data_train/sample739.jpg
1,./data_train/sample740.jpg
-2,./data_train/sample741.jpg
0,./data_train/sample742.jpg
-7,./data_train/sample743.jpg
-7,./data_train/sample744.jpg
-3,./data_train/sample745.jpg
1,./data_train/sample746.jpg
5,./data_train/sample747.jpg
-6,./data_train/sample748.jpg
-4,./data_train/sample749.jpg
-1,./data_train/sample750.jpg
-7,./data_train/sample751.jpg
8,./data_train/sample752.jpg
-3,./data_train/sample753.jpg
-3,./data_train/sample754.jpg
2,./data_train/sample755.jpg
-7,./data_train/sample756.jpg
8,./data_train/sample757.jpg
0,./data_train/sample758.jpg
6,./data_train/sample759.jpg
-1,./data_train/sample760.jpg
-2,./data_train/sample761.jpg
5,./data_train/sample762.jpg
-1,./data_train/sample763.jpg
-3,./data_train/sample764.jpg
9,./data_train/sample765.jpg
0,./data_train/sample766.jpg
0,./data_train/sample767.jpg
8,./data_train/sample768.jpg
-6,./data_train/sample769.jpg
1,./data_train/sample770.jpg
-6,./data_train/sample771.jpg
7,./data_train/sample772.jpg
0,./data_train/sample773.jpg
0,./data_train/sample774.jpg
-4,./data_train/sample775.jpg
1,./data_train/sample776.jpg
5,./data_train/sample777.jpg
2,./data_train/sample778.jpg
-6,./data_train/sample779.jpg
-7,./data_train/sample780.jpg
8,./data_train/sample781.jpg
6,./data_train/sample782.jpg
-1,./data_train/sample783.jpg
-9,./data_train/sample784.jpg
5,./data_train/sample785.jpg
10,./data_train/sample786.jpg
2,./data_train/sample787.jpg
9,./data_train/sample788.jpg
9,./data_train/sample789.jpg
-6,./data_train/sample790.jpg
0,./data_train/sample791.jpg
10,./data_train/sample792.jpg
5,./data_train/sample793.jpg
-9,./data_train/sample794.jpg
-6,./data_train/sample795.jpg
-6,./data_train/sample796.jpg
5,./data_train/sample797.jpg
10,./data_train/sample798.jpg
4,./data_train/sample799.jpg
7,./data_train/sample800.jpg
-9,./data_train/sample801.jpg
5,./data_train/sample802.jpg
4,./data_train/sample803.jpg
-5,./data_train/sample804.jpg
-4,./data_train/sample805.jpg
9,./data_train/sample806.jpg
-10,./data_train/sample807.jpg
-9,./data_train/sample808.jpg
-10,./data_train/sample809.jpg
6,./data_train/sample810.jpg
-9,./data_train/sample811.jpg
3,./data_train/sample812.jpg
-9,./data_train/sample813.jpg
-7,./data_train/sample814.jpg
10,./data_train/sample815.jpg
4,./data_train/sample816.jpg
-6,./data_train/sample817.jpg
0,./data_train/sample818.jpg
-10,./data_train/sample819.jpg
-4,./data_train/sample820.jpg
-8,./data_train/sample821.jpg
-4,./data_train/sample822.jpg
7,./data_train/sample823.jpg
-1,./data_train/sample824.jpg
-2,./data_train/sample825.jpg
-6,./data_train/sample826.jpg
2,./data_train/sample827.jpg
4,./data_train/sample828.jpg
5,./data_train/sample829.jpg
-8,./data_train/sample830.jpg
1,./data_train/sample831.jpg
0,./data_train/sample832.jpg
0,./data_train/sample833.jpg
-8,./data_train/sample834.jpg
-6,./data_train/sample835.jpg
4,./data_train/sample836.jpg
-3,./data_train/sample837.jpg
3,./data_train/sample838.jpg
7,./data_train/sample839.jpg
5,./data_train/sample840.jpg
10,./data_train/sample841.jpg
4,./data_train/sample842.jpg
-2,./data_train/sample843.jpg
0,./data_train/sample844.jpg
9,./data_train/sample845.jpg
4,./data_train/sample846.jpg
8,./data_train/sample847.jpg
2,./data_train/sample848.jpg
9,./data_train/sample849.jpg
-9,./data_train/sample850.jpg
7,./data_train/sample851.jpg
10,./data_train/sample852.jpg
3,./data_train/sample853.jpg
3,./data_train/sample854.jpg
-1,./data_train/sample855.jpg
10,./data_train/sample856.jpg
10,./data_train/sample857.jpg
9,./data_train/sample858.jpg
2,./data_train/sample859.jpg
-10,./data_train/sample860.jpg
-9,./data_train/sample861.jpg
-7,./data_train/sample862.jpg
10,./data_train/sample863.jpg
-7,./data_train/sample864.jpg
-10,./data_train/sample865.jpg
-5,./data_train/sample866.jpg
3,./data_train/sample867.jpg
-4,./data_train/sample868.jpg
3,./data_train/sample869.jpg
-10,./data_train/sample870.jpg
9,./data_train/sample871.jpg
2,./data_train/sample872.jpg
-9,./data_train/sample873.jpg
1,./data_train/sample874.jpg
2,./data_train/sample875.jpg
4,./data_train/sample876.jpg
-2,./data_train/sample877.jpg
-10,./data_train/sample878.jpg
10,./data_train/sample879.jpg
-6,./data_train/sample880.jpg
10,./data_train/sample881.jpg
-5,./data_train/sample882.jpg
9,./data_train/sample883.jpg
-6,./data_train/sample884.jpg
7,./data_train/sample885.jpg
1,./data_train/sample886.jpg
7,./data_train/sample887.jpg
8,./data_train/sample888.jpg
-1,./data_train/sample889.jpg
-9,./data_train/sample890.jpg
-6,./data_train/sample891.jpg
-1,./data_train/sample892.jpg
-9,./data_train/sample893.jpg
-10,./data_train/sample894.jpg
0,./data_train/sample895.jpg
-5,./data_train/sample896.jpg
-10,./data_train/sample897.jpg
-8,./data_train/sample898.jpg
-4,./data_train/sample899.jpg
2,./data_train/sample900.jpg
4,./data_train/sample901.jpg
-3,./data_train/sample902.jpg
-2,./data_train/sample903.jpg
-1,./data_train/sample904.jpg
-6,./data_train/sample905.jpg
-5,./data_train/sample906.jpg
-5,./data_train/sample907.jpg
-5,./data_train/sample908.jpg
-5,./data_train/sample909.jpg
1,./data_train/sample910.jpg
10,./data_train/sample911.jpg
0,./data_train/sample912.jpg
5,./data_train/sample913.jpg
-2,./data_train/sample914.jpg
8,./data_train/sample915.jpg
1,./data_train/sample916.jpg
4,./data_train/sample917.jpg
0,./data_train/sample918.jpg
9,./data_train/sample919.jpg
10,./data_train/sample920.jpg
1,./data_train/sample921.jpg
0,./data_train/sample922.jpg
4,./data_train/sample923.jpg
5,./data_train/sample924.jpg
-1,./data_train/sample925.jpg
0,./data_train/sample926.jpg
2,./data_train/sample927.jpg
0,./data_train/sample928.jpg
-8,./data_train/sample929.jpg
-8,./data_train/sample930.jpg
-4,./data_train/sample931.jpg
-1,./data_train/sample932.jpg
0,./data_train/sample933.jpg
2,./data_train/sample934.jpg
-3,./data_train/sample935.jpg
0,./data_train/sample936.jpg
5,./data_train/sample937.jpg
-10,./data_train/sample938.jpg
-2,./data_train/sample939.jpg
9,./data_train/sample940.jpg
5,./data_train/sample941.jpg
-6,./data_train/sample942.jpg
-4,./data_train/sample943.jpg
4,./data_train/sample944.jpg
-9,./data_train/sample945.jpg
6,./data_train/sample946.jpg
7,./data_train/sample947.jpg
0,./data_train/sample948.jpg
-8,./data_train/sample949.jpg
-2,./data_train/sample950.jpg
10,./data_train/sample951.jpg
-2,./data_train/sample952.jpg
0,./data_train/sample953.jpg
7,./data_train/sample954.jpg
-2,./data_train/sample955.jpg
-2,./data_train/sample956.jpg
7,./data_train/sample957.jpg
0,./data_train/sample958.jpg
0,./data_train/sample959.jpg
-8,./data_train/sample960.jpg
4,./data_train/sample961.jpg
10,./data_train/sample962.jpg
-10,./data_train/sample963.jpg
1,./data_train/sample964.jpg
-8,./data_train/sample965.jpg
3,./data_train/sample966.jpg
5,./data_train/sample967.jpg
-3,./data_train/sample968.jpg
6,./data_train/sample969.jpg
0,./data_train/sample970.jpg
8,./data_train/sample971.jpg
10,./data_train/sample972.jpg
-9,./data_train/sample973.jpg
3,./data_train/sample974.jpg
10,./data_train/sample975.jpg
2,./data_train/sample976.jpg
0,./data_train/sample977.jpg
3,./data_train/sample978.jpg
0,./data_train/sample979.jpg
-6,./data_train/sample980.jpg
5,./data_train/sample981.jpg
-4,./data_train/sample982.jpg
2,./data_train/sample983.jpg
-10,./data_train/sample984.jpg
-8,./data_train/sample985.jpg
-8,./data_train/sample986.jpg
-3,./data_train/sample987.jpg
-2,./data_train/sample988.jpg
4,./data_train/sample989.jpg
6,./data_train/sample990.jpg
6,./data_train/sample991.jpg
9,./data_train/sample992.jpg
3,./data_train/sample993.jpg
1,./data_train/sample994.jpg
9,./data_train/sample995.jpg
7,./data_train/sample996.jpg
-6,./data_train/sample997.jpg
10,./data_train/sample998.jpg
-3,./data_train/sample999.jpg
7,./data_train/sample1000.jpg
3,./data_train/sample1001.jpg
-10,./data_train/sample1002.jpg
0,./data_train/sample1003.jpg
5,./data_train/sample1004.jpg
-6,./data_train/sample1005.jpg
5,./data_train/sample1006.jpg
0,./data_train/sample1007.jpg
10,./data_train/sample1008.jpg
7,./data_train/sample1009.jpg
-10,./data_train/sample1010.jpg
7,./data_train/sample1011.jpg
-8,./data_train/sample1012.jpg
6,./data_train/sample1013.jpg
-6,./data_train/sample1014.jpg
-4,./data_train/sample1015.jpg
-8,./data_train/sample1016.jpg
-10,./data_train/sample1017.jpg
5,./data_train/sample1018.jpg
-9,./data_train/sample1019.jpg
0,./data_train/sample1020.jpg
6,./data_train/sample1021.jpg
9,./data_train/sample1022.jpg
-3,./data_train/sample1023.jpg
7,./data_train/sample1024.jpg
-8,./data_train/sample1025.jpg
-4,./data_train/sample1026.jpg
-1,./data_train/sample1027.jpg
4,./data_train/sample1028.jpg
-10,./data_train/sample1029.jpg
6,./data_train/sample1030.jpg
3,./data_train/sample1031.jpg
-1,./data_train/sample1032.jpg
0,./data_train/sample1033.jpg
0,./data_train/sample1034.jpg
8,./data_train/sample1035.jpg
7,./data_train/sample1036.jpg
3,./data_train/sample1037.jpg
7,./data_train/sample1038.jpg
0,./data_train/sample1039.jpg
-6,./data_train/sample1040.jpg
-6,./data_train/sample1041.jpg
9,./data_train/sample1042.jpg
10,./data_train/sample1043.jpg
-9,./data_train/sample1044.jpg
-10,./data_train/sample1045.jpg
-7,./data_train/sample1046.jpg
6,./data_train/sample1047.jpg
2,./data_train/sample1048.jpg
-7,./data_train/sample1049.jpg
-7,./data_train/sample1050.jpg
6,./data_train/sample1051.jpg
8,./data_train/sample1052.jpg
-4,./data_train/sample1053.jpg
-4,./data_train/sample1054.jpg
-7,./data_train/sample1055.jpg
8,./data_train/sample1056.jpg
8,./data_train/sample1057.jpg
6,./data_train/sample1058.jpg
-10,./data_train/sample1059.jpg
-3,./data_train/sample1060.jpg
-7,./data_train/sample1061.jpg
-3,./data_train/sample1062.jpg
4,./data_train/sample1063.jpg
1,./data_train/sample1064.jpg
-9,./data_train/sample1065.jpg
9,./data_train/sample1066.jpg
-7,./data_train/sample1067.jpg
6,./data_train/sample1068.jpg
-2,./data_train/sample1069.jpg
-3,./data_train/sample1070.jpg
-10,./data_train/sample1071.jpg
0,./data_train/sample1072.jpg
0,./data_train/sample1073.jpg
9,./data_train/sample1074.jpg
8,./data_train/sample1075.jpg
-9,./data_train/sample1076.jpg
-6,./data_train/sample1077.jpg
-4,./data_train/sample1078.jpg
2,./data_train/sample1079.jpg
3,./data_train/sample1080.jpg
-3,./data_train/sample1081.jpg
7,./data_train/sample1082.jpg
-4,./data_train/sample1083.jpg
-5,./data_train/sample1084.jpg
7,./data_train/sample1085.jpg
5,./data_train/sample1086.jpg
-2,./data_train/sample1087.jpg
10,./data_train/sample1088.jpg
9,./data_train/sample1089.jpg
0,./data_train/sample1090.jpg
6,./data_train/sample1091.jpg
-7,./data_train/sample1092.jpg
-8,./data_train/sample1093.jpg
5,./data_train/sample1094.jpg
9,./data_train/sample1095.jpg
-8,./data_train/sample1096.jpg
10,./data_train/sample1097.jpg
5,./data_train/sample1098.jpg
0,./data_train/sample1099.jpg
3,./data_train/sample1100.jpg
-2,./data_train/sample1101.jpg
-2,./data_train/sample1102.jpg
-9,./data_train/sample1103.jpg
4,./data_train/sample1104.jpg
1,./data_train/sample1105.jpg
3,./data_train/sample1106.jpg
-3,./data_train/sample1107.jpg
-5,./data_train/sample1108.jpg
0,./data_train/sample1109.jpg
1,./data_train/sample1110.jpg
7,./data_train/sample1111.jpg
0,./data_train/sample1112.jpg
-2,./data_train/sample1113.jpg
-7,./data_train/sample1114.jpg
3,./data_train/sample1115.jpg
0,./data_train/sample1116.jpg
1,./data_train/sample1117.jpg
2,./data_train/sample1118.jpg
-2,./data_train/sample1119.jpg
5,./data_train/sample1120.jpg
3,./data_train/sample1121.jpg
-3,./data_train/sample1122.jpg
-9,./data_train/sample1123.jpg
-8,./data_train/sample1124.jpg
2,./data_train/sample1125.jpg
7,./data_train/sample1126.jpg
4,./data_train/sample1127.jpg
10,./data_train/sample1128.jpg
-8,./data_train/sample1129.jpg
0,./data_train/sample1130.jpg
5,./data_train/sample1131.jpg
0,./data_train/sample1132.jpg
7,./data_train/sample1133.jpg
-7,./data_train/sample1134.jpg
-4,./data_train/sample1135.jpg
10,./data_train/sample1136.jpg
-2,./data_train/sample1137.jpg
-8,./data_train/sample1138.jpg
2,./data_train/sample1139.jpg
2,./data_train/sample1140.jpg
-2,./data_train/sample1141.jpg
-1,./data_train/sample1142.jpg
-2,./data_train/sample1143.jpg
1,./data_train/sample1144.jpg
9,./data_train/sample1145.jpg
-4,./data_train/sample1146.jpg
0,./data_train/sample1147.jpg
-10,./data_train/sample1148.jpg
6,./data_train/sample1149.jpg
6,./data_train/sample1150.jpg
-5,./data_train/sample1151.jpg
1,./data_train/sample1152.jpg
-10,./data_train/sample1153.jpg
10,./data_train/sample1154.jpg
6,./data_train/sample1155.jpg
8,./data_train/sample1156.jpg
2,./data_train/sample1157.jpg
-2,./data_train/sample1158.jpg
10,./data_train/sample1159.jpg
7,./data_train/sample1160.jpg
8,./data_train/sample1161.jpg
-10,./data_train/sample1162.jpg
-4,./data_train/sample1163.jpg
0,./data_train/sample1164.jpg
-10,./data_train/sample1165.jpg
0,./data_train/sample1166.jpg
6,./data_train/sample1167.jpg
-8,./data_train/sample1168.jpg
1,./data_train/sample1169.jpg
10,./data_train/sample1170.jpg
-9,./data_train/sample1171.jpg
0,./data_train/sample1172.jpg
5,./data_train/sample1173.jpg
0,./data_train/sample1174.jpg
-5,./data_train/sample1175.jpg
5,./data_train/sample1176.jpg
-7,./data_train/sample1177.jpg
-1,./data_train/sample1178.jpg
-3,./data_train/sample1179.jpg
-1,./data_train/sample1180.jpg
0,./data_train/sample1181.jpg
0,./data_train/sample1182.jpg
-6,./data_train/sample1183.jpg
2,./data_train/sample1184.jpg
-7,./data_train/sample1185.jpg
7,./data_train/sample1186.jpg
9,./data_train/sample1187.jpg
-10,./data_train/sample1188.jpg
-10,./data_train/sample1189.jpg
-3,./data_train/sample1190.jpg
3,./data_train/sample1191.jpg
-5,./data_train/sample1192.jpg
-10,./data_train/sample1193.jpg
5,./data_train/sample1194.jpg
-8,./data_train/sample1195.jpg
0,./data_train/sample1196.jpg
-5,./data_train/sample1197.jpg
5,./data_train/sample1198.jpg
-9,./data_train/sample1199.jpg
8,./data_train/sample1200.jpg
-2,./data_train/sample1201.jpg
-7,./data_train/sample1202.jpg
-9,./data_train/sample1203.jpg
-7,./data_train/sample1204.jpg
10,./data_train/sample1205.jpg
7,./data_train/sample1206.jpg
9,./data_train/sample1207.jpg
-7,./data_train/sample1208.jpg
-2,./data_train/sample1209.jpg
0,./data_train/sample1210.jpg
1,./data_train/sample1211.jpg
10,./data_train/sample1212.jpg
1,./data_train/sample1213.jpg
5,./data_train/sample1214.jpg
2,./data_train/sample1215.jpg
-4,./data_train/sample1216.jpg
-9,./data_train/sample1217.jpg
2,./data_train/sample1218.jpg
0,./data_train/sample1219.jpg
-8,./data_train/sample1220.jpg
-5,./data_train/sample1221.jpg
-7,./data_train/sample1222.jpg
2,./data_train/sample1223.jpg
5,./data_train/sample1224.jpg
4,./data_train/sample1225.jpg
0,./data_train/sample1226.jpg
0,./data_train/sample1227.jpg
-10,./data_train/sample1228.jpg
0,./data_train/sample1229.jpg
8,./data_train/sample1230.jpg
6,./data_train/sample1231.jpg
7,./data_train/sample1232.jpg
-3,./data_train/sample1233.jpg
-3,./data_train/sample1234.jpg
-1,./data_train/sample1235.jpg
7,./data_train/sample1236.jpg
7,./data_train/sample1237.jpg
-4,./data_train/sample1238.jpg
2,./data_train/sample1239.jpg
6,./data_train/sample1240.jpg
-10,./data_train/sample1241.jpg
6,./data_train/sample1242.jpg
1,./data_train/sample1243.jpg
-3,./data_train/sample1244.jpg
6,./data_train/sample1245.jpg
-7,./data_train/sample1246.jpg
2,./data_train/sample1247.jpg
-4,./data_train/sample1248.jpg
2,./data_train/sample1249.jpg
-9,./data_train/sample1250.jpg
3,./data_train/sample1251.jpg
-4,./data_train/sample1252.jpg
4,./data_train/sample1253.jpg
-4,./data_train/sample1254.jpg
2,./data_train/sample1255.jpg
2,./data_train/sample1256.jpg
3,./data_train/sample1257.jpg
3,./data_train/sample1258.jpg
-5,./data_train/sample1259.jpg
10,./data_train/sample1260.jpg
-4,./data_train/sample1261.jpg
1,./data_train/sample1262.jpg
-9,./data_train/sample1263.jpg
7,./data_train/sample1264.jpg
-10,./data_train/sample1265.jpg
1,./data_train/sample1266.jpg
1,./data_train/sample1267.jpg
-4,./data_train/sample1268.jpg
-5,./data_train/sample1269.jpg
-7,./data_train/sample1270.jpg
0,./data_train/sample1271.jpg
-5,./data_train/sample1272.jpg
7,./data_train/sample1273.jpg
-7,./data_train/sample1274.jpg
-6,./data_train/sample1275.jpg
-2,./data_train/sample1276.jpg
10,./data_train/sample1277.jpg
-2,./data_train/sample1278.jpg
8,./data_train/sample1279.jpg
7,./data_train/sample1280.jpg
7,./data_train/sample1281.jpg
7,./data_train/sample1282.jpg
6,./data_train/sample1283.jpg
8,./data_train/sample1284.jpg
7,./data_train/sample1285.jpg
-10,./data_train/sample1286.jpg
-7,./data_train/sample1287.jpg
-8,./data_train/sample1288.jpg
-9,./data_train/sample1289.jpg
-9,./data_train/sample1290.jpg
10,./data_train/sample1291.jpg
-9,./data_train/sample1292.jpg
-4,./data_train/sample1293.jpg
-2,./data_train/sample1294.jpg
2,./data_train/sample1295.jpg
-4,./data_train/sample1296.jpg
-4,./data_train/sample1297.jpg
-10,./data_train/sample1298.jpg
9,./data_train/sample1299.jpg
10,./data_train/sample1300.jpg
1,./data_train/sample1301.jpg
6,./data_train/sample1302.jpg
8,./data_train/sample1303.jpg
-1,./data_train/sample1304.jpg
3,./data_train/sample1305.jpg
-8,./data_train/sample1306.jpg
-10,./data_train/sample1307.jpg
3,./data_train/sample1308.jpg
-8,./data_train/sample1309.jpg
9,./data_train/sample1310.jpg
1,./data_train/sample1311.jpg
8,./data_train/sample1312.jpg
-3,./data_train/sample1313.jpg
0,./data_train/sample1314.jpg
8,./data_train/sample1315.jpg
-5,./data_train/sample1316.jpg
8,./data_train/sample1317.jpg
-8,./data_train/sample1318.jpg
5,./data_train/sample1319.jpg
-7,./data_train/sample1320.jpg
10,./data_train/sample1321.jpg
9,./data_train/sample1322.jpg
1,./data_train/sample1323.jpg
4,./data_train/sample1324.jpg
-6,./data_train/sample1325.jpg
-10,./data_train/sample1326.jpg
5,./data_train/sample1327.jpg
8,./data_train/sample1328.jpg
6,./data_train/sample1329.jpg
-2,./data_train/sample1330.jpg
-3,./data_train/sample1331.jpg
-4,./data_train/sample1332.jpg
8,./data_train/sample1333.jpg
-5,./data_train/sample1334.jpg
7,./data_train/sample1335.jpg
5,./data_train/sample1336.jpg
-6,./data_train/sample1337.jpg
9,./data_train/sample1338.jpg
2,./data_train/sample1339.jpg
4,./data_train/sample1340.jpg
5,./data_train/sample1341.jpg
-8,./data_train/sample1342.jpg
0,./data_train/sample1343.jpg
7,./data_train/sample1344.jpg
4,./data_train/sample1345.jpg
-7,./data_train/sample1346.jpg
0,./data_train/sample1347.jpg
-1,./data_train/sample1348.jpg
8,./data_train/sample1349.jpg
-3,./data_train/sample1350.jpg
7,./data_train/sample1351.jpg
0,./data_train/sample1352.jpg
-1,./data_train/sample1353.jpg
-10,./data_train/sample1354.jpg
7,./data_train/sample1355.jpg
3,./data_train/sample1356.jpg
-8,./data_train/sample1357.jpg
4,./data_train/sample1358.jpg
0,./data_train/sample1359.jpg
0,./data_train/sample1360.jpg
0,./data_train/sample1361.jpg
-2,./data_train/sample1362.jpg
-5,./data_train/sample1363.jpg
1,./data_train/sample1364.jpg
-9,./data_train/sample1365.jpg
1,./data_train/sample1366.jpg
5,./data_train/sample1367.jpg
4,./data_train/sample1368.jpg
-3,./data_train/sample1369.jpg
0,./data_train/sample1370.jpg
3,./data_train/sample1371.jpg
9,./data_train/sample1372.jpg
4,./data_train/sample1373.jpg
5,./data_train/sample1374.jpg
-6,./data_train/sample1375.jpg
9,./data_train/sample1376.jpg
-7,./data_train/sample1377.jpg
1,./data_train/sample1378.jpg
9,./data_train/sample1379.jpg
-5,./data_train/sample1380.jpg
-7,./data_train/sample1381.jpg
9,./data_train/sample1382.jpg
-3,./data_train/sample1383.jpg
-4,./data_train/sample1384.jpg
4,./data_train/sample1385.jpg
8,./data_train/sample1386.jpg
10,./data_train/sample1387.jpg
9,./data_train/sample1388.jpg
-4,./data_train/sample1389.jpg
-7,./data_train/sample1390.jpg
-8,./data_train/sample1391.jpg
-8,./data_train/sample1392.jpg
4,./data_train/sample1393.jpg
0,./data_train/sample1394.jpg
4,./data_train/sample1395.jpg
-9,./data_train/sample1396.jpg
0,./data_train/sample1397.jpg
7,./data_train/sample1398.jpg
4,./data_train/sample1399.jpg
-8,./data_train/sample1400.jpg
5,./data_train/sample1401.jpg
-9,./data_train/sample1402.jpg
6,./data_train/sample1403.jpg
-2,./data_train/sample1404.jpg
5,./data_train/sample1405.jpg
0,./data_train/sample1406.jpg
-4,./data_train/sample1407.jpg
0,./data_train/sample1408.jpg
1,./data_train/sample1409.jpg
-9,./data_train/sample1410.jpg
-10,./data_train/sample1411.jpg
-10,./data_train/sample1412.jpg
-2,./data_train/sample1413.jpg
2,./data_train/sample1414.jpg
10,./data_train/sample1415.jpg
0,./data_train/sample1416.jpg
2,./data_train/sample1417.jpg
-9,./data_train/sample1418.jpg
-8,./data_train/sample1419.jpg
9,./data_train/sample1420.jpg
-9,./data_train/sample1421.jpg
1,./data_train/sample1422.jpg
-2,./data_train/sample1423.jpg
10,./data_train/sample1424.jpg
4,./data_train/sample1425.jpg
-3,./data_train/sample1426.jpg
-3,./data_train/sample1427.jpg
7,./data_train/sample1428.jpg
10,./data_train/sample1429.jpg
3,./data_train/sample1430.jpg
9,./data_train/sample1431.jpg
-4,./data_train/sample1432.jpg
-9,./data_train/sample1433.jpg
-3,./data_train/sample1434.jpg
-1,./data_train/sample1435.jpg
-10,./data_train/sample1436.jpg
7,./data_train/sample1437.jpg
-10,./data_train/sample1438.jpg
-9,./data_train/sample1439.jpg
-3,./data_train/sample1440.jpg
-1,./data_train/sample1441.jpg
7,./data_train/sample1442.jpg
-5,./data_train/sample1443.jpg
-3,./data_train/sample1444.jpg
-2,./data_train/sample1445.jpg
3,./data_train/sample1446.jpg
9,./data_train/sample1447.jpg
4,./data_train/sample1448.jpg
-5,./data_train/sample1449.jpg
4,./data_train/sample1450.jpg
3,./data_train/sample1451.jpg
10,./data_train/sample1452.jpg
6,./data_train/sample1453.jpg
8,./data_train/sample1454.jpg
7,./data_train/sample1455.jpg
-5,./data_train/sample1456.jpg
-6,./data_train/sample1457.jpg
-2,./data_train/sample1458.jpg
0,./data_train/sample1459.jpg
-4,./data_train/sample1460.jpg
8,./data_train/sample1461.jpg
-6,./data_train/sample1462.jpg
3,./data_train/sample1463.jpg
4,./data_train/sample1464.jpg
1,./data_train/sample1465.jpg
-2,./data_train/sample1466.jpg
-6,./data_train/sample1467.jpg
-7,./data_train/sample1468.jpg
-4,./data_train/sample1469.jpg
-4,./data_train/sample1470.jpg
-4,./data_train/sample1471.jpg
4,./data_train/sample1472.jpg
0,./data_train/sample1473.jpg
-3,./data_train/sample1474.jpg
6,./data_train/sample1475.jpg
-8,./data_train/sample1476.jpg
6,./data_train/sample1477.jpg
5,./data_train/sample1478.jpg
-8,./data_train/sample1479.jpg
-9,./data_train/sample1480.jpg
2,./data_train/sample1481.jpg
5,./data_train/sample1482.jpg
0,./data_train/sample1483.jpg
-7,./data_train/sample1484.jpg
7,./data_train/sample1485.jpg
-4,./data_train/sample1486.jpg
7,./data_train/sample1487.jpg
6,./data_train/sample1488.jpg
-4,./data_train/sample1489.jpg
9,./data_train/sample1490.jpg
-5,./data_train/sample1491.jpg
-6,./data_train/sample1492.jpg
-5,./data_train/sample1493.jpg
1,./data_train/sample1494.jpg
8,./data_train/sample1495.jpg
-2,./data_train/sample1496.jpg
2,./data_train/sample1497.jpg
-6,./data_train/sample1498.jpg
-6,./data_train/sample1499.jpg
8,./data_train/sample1500.jpg
-4,./data_train/sample1501.jpg
6,./data_train/sample1502.jpg
1,./data_train/sample1503.jpg
5,./data_train/sample1504.jpg
2,./data_train/sample1505.jpg
-4,./data_train/sample1506.jpg
0,./data_train/sample1507.jpg
2,./data_train/sample1508.jpg
9,./data_train/sample1509.jpg
-2,./data_train/sample1510.jpg
5,./data_train/sample1511.jpg
-2,./data_train/sample1512.jpg
-3,./data_train/sample1513.jpg
-4,./data_train/sample1514.jpg
9,./data_train/sample1515.jpg
6,./data_train/sample1516.jpg
2,./data_train/sample1517.jpg
8,./data_train/sample1518.jpg
4,./data_train/sample1519.jpg
10,./data_train/sample1520.jpg
-8,./data_train/sample1521.jpg
5,./data_train/sample1522.jpg
-6,./data_train/sample1523.jpg
-10,./data_train/sample1524.jpg
-2,./data_train/sample1525.jpg
-6,./data_train/sample1526.jpg
0,./data_train/sample1527.jpg
-1,./data_train/sample1528.jpg
-5,./data_train/sample1529.jpg
-1,./data_train/sample1530.jpg
9,./data_train/sample1531.jpg
0,./data_train/sample1532.jpg
-1,./data_train/sample1533.jpg
-3,./data_train/sample1534.jpg
5,./data_train/sample1535.jpg
9,./data_train/sample1536.jpg
2,./data_train/sample1537.jpg
9,./data_train/sample1538.jpg
-9,./data_train/sample1539.jpg
1,./data_train/sample1540.jpg
8,./data_train/sample1541.jpg
-7,./data_train/sample1542.jpg
0,./data_train/sample1543.jpg
-1,./data_train/sample1544.jpg
-6,./data_train/sample1545.jpg
-2,./data_train/sample1546.jpg
-6,./data_train/sample1547.jpg
-5,./data_train/sample1548.jpg
0,./data_train/sample1549.jpg
-1,./data_train/sample1550.jpg
2,./data_train/sample1551.jpg
9,./data_train/sample1552.jpg
-5,./data_train/sample1553.jpg
10,./data_train/sample1554.jpg
-3,./data_train/sample1555.jpg
8,./data_train/sample1556.jpg
-6,./data_train/sample1557.jpg
-10,./data_train/sample1558.jpg
-10,./data_train/sample1559.jpg
10,./data_train/sample1560.jpg
-1,./data_train/sample1561.jpg
2,./data_train/sample1562.jpg
-1,./data_train/sample1563.jpg
0,./data_train/sample1564.jpg
6,./data_train/sample1565.jpg
0,./data_train/sample1566.jpg
-4,./data_train/sample1567.jpg
1,./data_train/sample1568.jpg
-5,./data_train/sample1569.jpg
10,./data_train/sample1570.jpg
2,./data_train/sample1571.jpg
0,./data_train/sample1572.jpg
-4,./data_train/sample1573.jpg
9,./data_train/sample1574.jpg
-9,./data_train/sample1575.jpg
-3,./data_train/sample1576.jpg
0,./data_train/sample1577.jpg
-6,./data_train/sample1578.jpg
0,./data_train/sample1579.jpg
-3,./data_train/sample1580.jpg
-6,./data_train/sample1581.jpg
7,./data_train/sample1582.jpg
1,./data_train/sample1583.jpg
4,./data_train/sample1584.jpg
5,./data_train/sample1585.jpg
3,./data_train/sample1586.jpg
5,./data_train/sample1587.jpg
7,./data_train/sample1588.jpg
0,./data_train/sample1589.jpg
-3,./data_train/sample1590.jpg
2,./data_train/sample1591.jpg
10,./data_train/sample1592.jpg
2,./data_train/sample1593.jpg
-1,./data_train/sample1594.jpg
-8,./data_train/sample1595.jpg
-2,./data_train/sample1596.jpg
10,./data_train/sample1597.jpg
0,./data_train/sample1598.jpg
4,./data_train/sample1599.jpg
2,./data_train/sample1600.jpg
-6,./data_train/sample1601.jpg
8,./data_train/sample1602.jpg
10,./data_train/sample1603.jpg
-1,./data_train/sample1604.jpg
7,./data_train/sample1605.jpg
0,./data_train/sample1606.jpg
5,./data_train/sample1607.jpg
-4,./data_train/sample1608.jpg
10,./data_train/sample1609.jpg
3,./data_train/sample1610.jpg
-3,./data_train/sample1611.jpg
10,./data_train/sample1612.jpg
3,./data_train/sample1613.jpg
-3,./data_train/sample1614.jpg
2,./data_train/sample1615.jpg
-8,./data_train/sample1616.jpg
-3,./data_train/sample1617.jpg
-3,./data_train/sample1618.jpg
-5,./data_train/sample1619.jpg
-6,./data_train/sample1620.jpg
8,./data_train/sample1621.jpg
6,./data_train/sample1622.jpg
0,./data_train/sample1623.jpg
-6,./data_train/sample1624.jpg
8,./data_train/sample1625.jpg
8,./data_train/sample1626.jpg
9,./data_train/sample1627.jpg
4,./data_train/sample1628.jpg
-4,./data_train/sample1629.jpg
10,./data_train/sample1630.jpg
8,./data_train/sample1631.jpg
0,./data_train/sample1632.jpg
-7,./data_train/sample1633.jpg
3,./data_train/sample1634.jpg
10,./data_train/sample1635.jpg
2,./data_train/sample1636.jpg
1,./data_train/sample1637.jpg
3,./data_train/sample1638.jpg
8,./data_train/sample1639.jpg
4,./data_train/sample1640.jpg
-5,./data_train/sample1641.jpg
2,./data_train/sample1642.jpg
9,./data_train/sample1643.jpg
8,./data_train/sample1644.jpg
-8,./data_train/sample1645.jpg
-7,./data_train/sample1646.jpg
6,./data_train/sample1647.jpg
2,./data_train/sample1648.jpg
4,./data_train/sample1649.jpg
-6,./data_train/sample1650.jpg
-10,./data_train/sample1651.jpg
0,./data_train/sample1652.jpg
-4,./data_train/sample1653.jpg
2,./data_train/sample1654.jpg
-1,./data_train/sample1655.jpg
-4,./data_train/sample1656.jpg
6,./data_train/sample1657.jpg
-10,./data_train/sample1658.jpg
-2,./data_train/sample1659.jpg
-9,./data_train/sample1660.jpg
4,./data_train/sample1661.jpg
-3,./data_train/sample1662.jpg
-3,./data_train/sample1663.jpg
1,./data_train/sample1664.jpg
9,./data_train/sample1665.jpg
8,./data_train/sample1666.jpg
10,./data_train/sample1667.jpg
-8,./data_train/sample1668.jpg
-7,./data_train/sample1669.jpg
9,./data_train/sample1670.jpg
-7,./data_train/sample1671.jpg
-3,./data_train/sample1672.jpg
-9,./data_train/sample1673.jpg
6,./data_train/sample1674.jpg
0,./data_train/sample1675.jpg
0,./data_train/sample1676.jpg
-8,./data_train/sample1677.jpg
-4,./data_train/sample1678.jpg
8,./data_train/sample1679.jpg
-8,./data_train/sample1680.jpg
0,./data_train/sample1681.jpg
5,./data_train/sample1682.jpg
0,./data_train/sample1683.jpg
4,./data_train/sample1684.jpg
3,./data_train/sample1685.jpg
-7,./data_train/sample1686.jpg
-5,./data_train/sample1687.jpg
0,./data_train/sample1688.jpg
-3,./data_train/sample1689.jpg
-10,./data_train/sample1690.jpg
6,./data_train/sample1691.jpg
8,./data_train/sample1692.jpg
3,./data_train/sample1693.jpg
3,./data_train/sample1694.jpg
7,./data_train/sample1695.jpg
-6,./data_train/sample1696.jpg
-5,./data_train/sample1697.jpg
0,./data_train/sample1698.jpg
5,./data_train/sample1699.jpg
-2,./data_train/sample1700.jpg
2,./data_train/sample1701.jpg
9,./data_train/sample1702.jpg
-3,./data_train/sample1703.jpg
7,./data_train/sample1704.jpg
-6,./data_train/sample1705.jpg
-8,./data_train/sample1706.jpg
2,./data_train/sample1707.jpg
3,./data_train/sample1708.jpg
-4,./data_train/sample1709.jpg
1,./data_train/sample1710.jpg
-2,./data_train/sample1711.jpg
-8,./data_train/sample1712.jpg
-4,./data_train/sample1713.jpg
-4,./data_train/sample1714.jpg
0,./data_train/sample1715.jpg
-10,./data_train/sample1716.jpg
-1,./data_train/sample1717.jpg
9,./data_train/sample1718.jpg
-6,./data_train/sample1719.jpg
10,./data_train/sample1720.jpg
2,./data_train/sample1721.jpg
8,./data_train/sample1722.jpg
0,./data_train/sample1723.jpg
7,./data_train/sample1724.jpg
8,./data_train/sample1725.jpg
-6,./data_train/sample1726.jpg
4,./data_train/sample1727.jpg
7,./data_train/sample1728.jpg
-1,./data_train/sample1729.jpg
-5,./data_train/sample1730.jpg
2,./data_train/sample1731.jpg
4,./data_train/sample1732.jpg
-9,./data_train/sample1733.jpg
0,./data_train/sample1734.jpg
-9,./data_train/sample1735.jpg
-4,./data_train/sample1736.jpg
2,./data_train/sample1737.jpg
3,./data_train/sample1738.jpg
-9,./data_train/sample1739.jpg
0,./data_train/sample1740.jpg
5,./data_train/sample1741.jpg
-2,./data_train/sample1742.jpg
-8,./data_train/sample1743.jpg
-4,./data_train/sample1744.jpg
8,./data_train/sample1745.jpg
-3,./data_train/sample1746.jpg
-10,./data_train/sample1747.jpg
-7,./data_train/sample1748.jpg
8,./data_train/sample1749.jpg
0,./data_train/sample1750.jpg
10,./data_train/sample1751.jpg
-2,./data_train/sample1752.jpg
-2,./data_train/sample1753.jpg
-7,./data_train/sample1754.jpg
10,./data_train/sample1755.jpg
5,./data_train/sample1756.jpg
-9,./data_train/sample1757.jpg
4,./data_train/sample1758.jpg
6,./data_train/sample1759.jpg
-2,./data_train/sample1760.jpg
-8,./data_train/sample1761.jpg
-10,./data_train/sample1762.jpg
6,./data_train/sample1763.jpg
-2,./data_train/sample1764.jpg
-7,./data_train/sample1765.jpg
-8,./data_train/sample1766.jpg
-10,./data_train/sample1767.jpg
3,./data_train/sample1768.jpg
8,./data_train/sample1769.jpg
7,./data_train/sample1770.jpg
4,./data_train/sample1771.jpg
10,./data_train/sample1772.jpg
-7,./data_train/sample1773.jpg
6,./data_train/sample1774.jpg
0,./data_train/sample1775.jpg
6,./data_train/sample1776.jpg
-5,./data_train/sample1777.jpg
-10,./data_train/sample1778.jpg
-6,./data_train/sample1779.jpg
-1,./data_train/sample1780.jpg
1,./data_train/sample1781.jpg
-10,./data_train/sample1782.jpg
8,./data_train/sample1783.jpg
-7,./data_train/sample1784.jpg
10,./data_train/sample1785.jpg
-10,./data_train/sample1786.jpg
0,./data_train/sample1787.jpg
-6,./data_train/sample1788.jpg
-4,./data_train/sample1789.jpg
-7,./data_train/sample1790.jpg
8,./data_train/sample1791.jpg
7,./data_train/sample1792.jpg
1,./data_train/sample1793.jpg
-7,./data_train/sample1794.jpg
-8,./data_train/sample1795.jpg
-6,./data_train/sample1796.jpg
2,./data_train/sample1797.jpg
-3,./data_train/sample1798.jpg
6,./data_train/sample1799.jpg
5,./data_train/sample1800.jpg
-5,./data_train/sample1801.jpg
-9,./data_train/sample1802.jpg
-10,./data_train/sample1803.jpg
-8,./data_train/sample1804.jpg
10,./data_train/sample1805.jpg
5,./data_train/sample1806.jpg
-1,./data_train/sample1807.jpg
9,./data_train/sample1808.jpg
-8,./data_train/sample1809.jpg
-6,./data_train/sample1810.jpg
0,./data_train/sample1811.jpg
2,./data_train/sample1812.jpg
6,./data_train/sample1813.jpg
2,./data_train/sample1814.jpg
-4,./data_train/sample1815.jpg
8,./data_train/sample1816.jpg
-7,./data_train/sample1817.jpg
1,./data_train/sample1818.jpg
-6,./data_train/sample1819.jpg
-9,./data_train/sample1820.jpg
-8,./data_train/sample1821.jpg
-2,./data_train/sample1822.jpg
6,./data_train/sample1823.jpg
10,./data_train/sample1824.jpg
-8,./data_train/sample1825.jpg
-7,./data_train/sample1826.jpg
-2,./data_train/sample1827.jpg
4,./data_train/sample1828.jpg
5,./data_train/sample1829.jpg
-5,./data_train/sample1830.jpg
-9,./data_train/sample1831.jpg
-4,./data_train/sample1832.jpg
-5,./data_train/sample1833.jpg
3,./data_train/sample1834.jpg
-9,./data_train/sample1835.jpg
-10,./data_train/sample1836.jpg
5,./data_train/sample1837.jpg
-1,./data_train/sample1838.jpg
-6,./data_train/sample1839.jpg
5,./data_train/sample1840.jpg
4,./data_train/sample1841.jpg
-8,./data_train/sample1842.jpg
-6,./data_train/sample1843.jpg
2,./data_train/sample1844.jpg
-2,./data_train/sample1845.jpg
-4,./data_train/sample1846.jpg
1,./data_train/sample1847.jpg
2,./data_train/sample1848.jpg
-8,./data_train/sample1849.jpg
-4,./data_train/sample1850.jpg
-4,./data_train/sample1851.jpg
3,./data_train/sample1852.jpg
-8,./data_train/sample1853.jpg
-6,./data_train/sample1854.jpg
-10,./data_train/sample1855.jpg
-5,./data_train/sample1856.jpg
3,./data_train/sample1857.jpg
-6,./data_train/sample1858.jpg
1,./data_train/sample1859.jpg
-9,./data_train/sample1860.jpg
10,./data_train/sample1861.jpg
0,./data_train/sample1862.jpg
6,./data_train/sample1863.jpg
9,./data_train/sample1864.jpg
8,./data_train/sample1865.jpg
-8,./data_train/sample1866.jpg
-1,./data_train/sample1867.jpg
6,./data_train/sample1868.jpg
-8,./data_train/sample1869.jpg
-3,./data_train/sample1870.jpg
0,./data_train/sample1871.jpg
3,./data_train/sample1872.jpg
1,./data_train/sample1873.jpg
8,./data_train/sample1874.jpg
0,./data_train/sample1875.jpg
9,./data_train/sample1876.jpg
-10,./data_train/sample1877.jpg
-10,./data_train/sample1878.jpg
9,./data_train/sample1879.jpg
-5,./data_train/sample1880.jpg
3,./data_train/sample1881.jpg
1,./data_train/sample1882.jpg
0,./data_train/sample1883.jpg
8,./data_train/sample1884.jpg
1,./data_train/sample1885.jpg
6,./data_train/sample1886.jpg
-7,./data_train/sample1887.jpg
4,./data_train/sample1888.jpg
9,./data_train/sample1889.jpg
2,./data_train/sample1890.jpg
3,./data_train/sample1891.jpg
3,./data_train/sample1892.jpg
6,./data_train/sample1893.jpg
9,./data_train/sample1894.jpg
0,./data_train/sample1895.jpg
0,./data_train/sample1896.jpg
9,./data_train/sample1897.jpg
-2,./data_train/sample1898.jpg
10,./data_train/sample1899.jpg
5,./data_train/sample1900.jpg
3,./data_train/sample1901.jpg
9,./data_train/sample1902.jpg
5,./data_train/sample1903.jpg
0,./data_train/sample1904.jpg
0,./data_train/sample1905.jpg
10,./data_train/sample1906.jpg
-5,./data_train/sample1907.jpg
-3,./data_train/sample1908.jpg
-6,./data_train/sample1909.jpg
10,./data_train/sample1910.jpg
6,./data_train/sample1911.jpg
-6,./data_train/sample1912.jpg
-1,./data_train/sample1913.jpg
-2,./data_train/sample1914.jpg
-3,./data_train/sample1915.jpg
-2,./data_train/sample1916.jpg
10,./data_train/sample1917.jpg
10,./data_train/sample1918.jpg
0,./data_train/sample1919.jpg
-8,./data_train/sample1920.jpg
7,./data_train/sample1921.jpg
-7,./data_train/sample1922.jpg
1,./data_train/sample1923.jpg
1,./data_train/sample1924.jpg
10,./data_train/sample1925.jpg
-3,./data_train/sample1926.jpg
-4,./data_train/sample1927.jpg
10,./data_train/sample1928.jpg
0,./data_train/sample1929.jpg
-8,./data_train/sample1930.jpg
2,./data_train/sample1931.jpg
0,./data_train/sample1932.jpg
9,./data_train/sample1933.jpg
-9,./data_train/sample1934.jpg
7,./data_train/sample1935.jpg
-8,./data_train/sample1936.jpg
-2,./data_train/sample1937.jpg
8,./data_train/sample1938.jpg
3,./data_train/sample1939.jpg
-10,./data_train/sample1940.jpg
-10,./data_train/sample1941.jpg
1,./data_train/sample1942.jpg
-8,./data_train/sample1943.jpg
8,./data_train/sample1944.jpg
-2,./data_train/sample1945.jpg
7,./data_train/sample1946.jpg
1,./data_train/sample1947.jpg
8,./data_train/sample1948.jpg
0,./data_train/sample1949.jpg
-1,./data_train/sample1950.jpg
10,./data_train/sample1951.jpg
4,./data_train/sample1952.jpg
-1,./data_train/sample1953.jpg
10,./data_train/sample1954.jpg
-5,./data_train/sample1955.jpg
5,./data_train/sample1956.jpg
-2,./data_train/sample1957.jpg
0,./data_train/sample1958.jpg
0,./data_train/sample1959.jpg
-4,./data_train/sample1960.jpg
-8,./data_train/sample1961.jpg
0,./data_train/sample1962.jpg
4,./data_train/sample1963.jpg
-1,./data_train/sample1964.jpg
0,./data_train/sample1965.jpg
-2,./data_train/sample1966.jpg
-6,./data_train/sample1967.jpg
0,./data_train/sample1968.jpg
-6,./data_train/sample1969.jpg
5,./data_train/sample1970.jpg
-5,./data_train/sample1971.jpg
-3,./data_train/sample1972.jpg
5,./data_train/sample1973.jpg
7,./data_train/sample1974.jpg
10,./data_train/sample1975.jpg
-6,./data_train/sample1976.jpg
8,./data_train/sample1977.jpg
-9,./data_train/sample1978.jpg
0,./data_train/sample1979.jpg
10,./data_train/sample1980.jpg
-9,./data_train/sample1981.jpg
4,./data_train/sample1982.jpg
-3,./data_train/sample1983.jpg
1,./data_train/sample1984.jpg
-9,./data_train/sample1985.jpg
-8,./data_train/sample1986.jpg
-5,./data_train/sample1987.jpg
-4,./data_train/sample1988.jpg
8,./data_train/sample1989.jpg
8,./data_train/sample1990.jpg
10,./data_train/sample1991.jpg
-7,./data_train/sample1992.jpg
-6,./data_train/sample1993.jpg
-7,./data_train/sample1994.jpg
0,./data_train/sample1995.jpg
-5,./data_train/sample1996.jpg
2,./data_train/sample1997.jpg
-9,./data_train/sample1998.jpg
9,./data_train/sample1999.jpg
-8,./data_train/sample2000.jpg
7,./data_train/sample2001.jpg
-4,./data_train/sample2002.jpg
6,./data_train/sample2003.jpg
-5,./data_train/sample2004.jpg
10,./data_train/sample2005.jpg
-5,./data_train/sample2006.jpg
8,./data_train/sample2007.jpg
-9,./data_train/sample2008.jpg
0,./data_train/sample2009.jpg
2,./data_train/sample2010.jpg
6,./data_train/sample2011.jpg
2,./data_train/sample2012.jpg
3,./data_train/sample2013.jpg
-10,./data_train/sample2014.jpg
8,./data_train/sample2015.jpg
1,./data_train/sample2016.jpg
7,./data_train/sample2017.jpg
-9,./data_train/sample2018.jpg
4,./data_train/sample2019.jpg
-7,./data_train/sample2020.jpg
10,./data_train/sample2021.jpg
-10,./data_train/sample2022.jpg
6,./data_train/sample2023.jpg
9,./data_train/sample2024.jpg
-8,./data_train/sample2025.jpg
6,./data_train/sample2026.jpg
3,./data_train/sample2027.jpg
-10,./data_train/sample2028.jpg
-1,./data_train/sample2029.jpg
9,./data_train/sample2030.jpg
-1,./data_train/sample2031.jpg
-8,./data_train/sample2032.jpg
-9,./data_train/sample2033.jpg
-3,./data_train/sample2034.jpg
-3,./data_train/sample2035.jpg
-2,./data_train/sample2036.jpg
-9,./data_train/sample2037.jpg
6,./data_train/sample2038.jpg
-4,./data_train/sample2039.jpg
-6,./data_train/sample2040.jpg
-4,./data_train/sample2041.jpg
0,./data_train/sample2042.jpg
-3,./data_train/sample2043.jpg
-9,./data_train/sample2044.jpg
4,./data_train/sample2045.jpg
-6,./data_train/sample2046.jpg
0,./data_train/sample2047.jpg
-3,./data_train/sample2048.jpg
3,./data_train/sample2049.jpg
-3,./data_train/sample2050.jpg
-5,./data_train/sample2051.jpg
-5,./data_train/sample2052.jpg
-1,./data_train/sample2053.jpg
9,./data_train/sample2054.jpg
-2,./data_train/sample2055.jpg
-3,./data_train/sample2056.jpg
3,./data_train/sample2057.jpg
2,./data_train/sample2058.jpg
3,./data_train/sample2059.jpg
9,./data_train/sample2060.jpg
5,./data_train/sample2061.jpg
-7,./data_train/sample2062.jpg
-7,./data_train/sample2063.jpg
-1,./data_train/sample2064.jpg
6,./data_train/sample2065.jpg
9,./data_train/sample2066.jpg
0,./data_train/sample2067.jpg
-9,./data_train/sample2068.jpg
7,./data_train/sample2069.jpg
-5,./data_train/sample2070.jpg
-4,./data_train/sample2071.jpg
6,./data_train/sample2072.jpg
-10,./data_train/sample2073.jpg
-8,./data_train/sample2074.jpg
-9,./data_train/sample2075.jpg
10,./data_train/sample2076.jpg
6,./data_train/sample2077.jpg
1,./data_train/sample2078.jpg
-9,./data_train/sample2079.jpg
3,./data_train/sample2080.jpg
-7,./data_train/sample2081.jpg
3,./data_train/sample2082.jpg
0,./data_train/sample2083.jpg
-3,./data_train/sample2084.jpg
10,./data_train/sample2085.jpg
0,./data_train/sample2086.jpg
0,./data_train/sample2087.jpg
0,./data_train/sample2088.jpg
9,./data_train/sample2089.jpg
-10,./data_train/sample2090.jpg
2,./data_train/sample2091.jpg
0,./data_train/sample2092.jpg
4,./data_train/sample2093.jpg
0,./data_train/sample2094.jpg
-4,./data_train/sample2095.jpg
-7,./data_train/sample2096.jpg
10,./data_train/sample2097.jpg
-9,./data_train/sample2098.jpg
7,./data_train/sample2099.jpg
-5,./data_train/sample2100.jpg
-2,./data_train/sample2101.jpg
0,./data_train/sample2102.jpg
-8,./data_train/sample2103.jpg
0,./data_train/sample2104.jpg
-1,./data_train/sample2105.jpg
-1,./data_train/sample2106.jpg
2,./data_train/sample2107.jpg
-1,./data_train/sample2108.jpg
-5,./data_train/sample2109.jpg
-6,./data_train/sample2110.jpg
0,./data_train/sample2111.jpg
-2,./data_train/sample2112.jpg
2,./data_train/sample2113.jpg
5,./data_train/sample2114.jpg
-9,./data_train/sample2115.jpg
-5,./data_train/sample2116.jpg
1,./data_train/sample2117.jpg
2,./data_train/sample2118.jpg
2,./data_train/sample2119.jpg
-8,./data_train/sample2120.jpg
5,./data_train/sample2121.jpg
-7,./data_train/sample2122.jpg
-3,./data_train/sample2123.jpg
6,./data_train/sample2124.jpg
8,./data_train/sample2125.jpg
-9,./data_train/sample2126.jpg
0,./data_train/sample2127.jpg
-4,./data_train/sample2128.jpg
-4,./data_train/sample2129.jpg
10,./data_train/sample2130.jpg
-3,./data_train/sample2131.jpg
-8,./data_train/sample2132.jpg
-9,./data_train/sample2133.jpg
-8,./data_train/sample2134.jpg
-7,./data_train/sample2135.jpg
9,./data_train/sample2136.jpg
0,./data_train/sample2137.jpg
-2,./data_train/sample2138.jpg
-10,./data_train/sample2139.jpg
-2,./data_train/sample2140.jpg
6,./data_train/sample2141.jpg
2,./data_train/sample2142.jpg
4,./data_train/sample2143.jpg
-2,./data_train/sample2144.jpg
-2,./data_train/sample2145.jpg
-5,./data_train/sample2146.jpg
-2,./data_train/sample2147.jpg
0,./data_train/sample2148.jpg
7,./data_train/sample2149.jpg
-5,./data_train/sample2150.jpg
-2,./data_train/sample2151.jpg
6,./data_train/sample2152.jpg
10,./data_train/sample2153.jpg
-1,./data_train/sample2154.jpg
-3,./data_train/sample2155.jpg
1,./data_train/sample2156.jpg
-4,./data_train/sample2157.jpg
-1,./data_train/sample2158.jpg
8,./data_train/sample2159.jpg
-3,./data_train/sample2160.jpg
-3,./data_train/sample2161.jpg
-7,./data_train/sample2162.jpg
10,./data_train/sample2163.jpg
6,./data_train/sample2164.jpg
0,./data_train/sample2165.jpg
1,./data_train/sample2166.jpg
-3,./data_train/sample2167.jpg
-1,./data_train/sample2168.jpg
-5,./data_train/sample2169.jpg
-1,./data_train/sample2170.jpg
7,./data_train/sample2171.jpg
8,./data_train/sample2172.jpg
9,./data_train/sample2173.jpg
-5,./data_train/sample2174.jpg
-8,./data_train/sample2175.jpg
-4,./data_train/sample2176.jpg
-2,./data_train/sample2177.jpg
-3,./data_train/sample2178.jpg
7,./data_train/sample2179.jpg
9,./data_train/sample2180.jpg
10,./data_train/sample2181.jpg
7,./data_train/sample2182.jpg
4,./data_train/sample2183.jpg
-1,./data_train/sample2184.jpg
2,./data_train/sample2185.jpg
0,./data_train/sample2186.jpg
-9,./data_train/sample2187.jpg
-8,./data_train/sample2188.jpg
-7,./data_train/sample2189.jpg
-2,./data_train/sample2190.jpg
0,./data_train/sample2191.jpg
6,./data_train/sample2192.jpg
6,./data_train/sample2193.jpg
-3,./data_train/sample2194.jpg
-10,./data_train/sample2195.jpg
3,./data_train/sample2196.jpg
-6,./data_train/sample2197.jpg
-5,./data_train/sample2198.jpg
-8,./data_train/sample2199.jpg
6,./data_train/sample2200.jpg
-4,./data_train/sample2201.jpg
-2,./data_train/sample2202.jpg
0,./data_train/sample2203.jpg
-8,./data_train/sample2204.jpg
-10,./data_train/sample2205.jpg
2,./data_train/sample2206.jpg
6,./data_train/sample2207.jpg
1,./data_train/sample2208.jpg
-7,./data_train/sample2209.jpg
4,./data_train/sample2210.jpg
-1,./data_train/sample2211.jpg
-7,./data_train/sample2212.jpg
3,./data_train/sample2213.jpg
10,./data_train/sample2214.jpg
10,./data_train/sample2215.jpg
-10,./data_train/sample2216.jpg
-4,./data_train/sample2217.jpg
2,./data_train/sample2218.jpg
6,./data_train/sample2219.jpg
7,./data_train/sample2220.jpg
-9,./data_train/sample2221.jpg
6,./data_train/sample2222.jpg
4,./data_train/sample2223.jpg
10,./data_train/sample2224.jpg
5,./data_train/sample2225.jpg
7,./data_train/sample2226.jpg
7,./data_train/sample2227.jpg
0,./data_train/sample2228.jpg
-9,./data_train/sample2229.jpg
10,./data_train/sample2230.jpg
-7,./data_train/sample2231.jpg
-3,./data_train/sample2232.jpg
-8,./data_train/sample2233.jpg
10,./data_train/sample2234.jpg
4,./data_train/sample2235.jpg
0,./data_train/sample2236.jpg
-8,./data_train/sample2237.jpg
8,./data_train/sample2238.jpg
8,./data_train/sample2239.jpg
-1,./data_train/sample2240.jpg
-3,./data_train/sample2241.jpg
0,./data_train/sample2242.jpg
3,./data_train/sample2243.jpg
-10,./data_train/sample2244.jpg
8,./data_train/sample2245.jpg
-7,./data_train/sample2246.jpg
0,./data_train/sample2247.jpg
-7,./data_train/sample2248.jpg
5,./data_train/sample2249.jpg
7,./data_train/sample2250.jpg
10,./data_train/sample2251.jpg
4,./data_train/sample2252.jpg
6,./data_train/sample2253.jpg
10,./data_train/sample2254.jpg
-3,./data_train/sample2255.jpg
3,./data_train/sample2256.jpg
8,./data_train/sample2257.jpg
-7,./data_train/sample2258.jpg
1,./data_train/sample2259.jpg
2,./data_train/sample2260.jpg
-8,./data_train/sample2261.jpg
-6,./data_train/sample2262.jpg
9,./data_train/sample2263.jpg
9,./data_train/sample2264.jpg
9,./data_train/sample2265.jpg
6,./data_train/sample2266.jpg
6,./data_train/sample2267.jpg
4,./data_train/sample2268.jpg
-6,./data_train/sample2269.jpg
9,./data_train/sample2270.jpg
1,./data_train/sample2271.jpg
2,./data_train/sample2272.jpg
0,./data_train/sample2273.jpg
0,./data_train/sample2274.jpg
10,./data_train/sample2275.jpg
-10,./data_train/sample2276.jpg
-6,./data_train/sample2277.jpg
-10,./data_train/sample2278.jpg
-10,./data_train/sample2279.jpg
-2,./data_train/sample2280.jpg
-1,./data_train/sample2281.jpg
-6,./data_train/sample2282.jpg
-9,./data_train/sample2283.jpg
-7,./data_train/sample2284.jpg
-2,./data_train/sample2285.jpg
5,./data_train/sample2286.jpg
-10,./data_train/sample2287.jpg
-10,./data_train/sample2288.jpg
0,./data_train/sample2289.jpg
-2,./data_train/sample2290.jpg
-6,./data_train/sample2291.jpg
6,./data_train/sample2292.jpg
-5,./data_train/sample2293.jpg
6,./data_train/sample2294.jpg
3,./data_train/sample2295.jpg
9,./data_train/sample2296.jpg
-7,./data_train/sample2297.jpg
5,./data_train/sample2298.jpg
-1,./data_train/sample2299.jpg
9,./data_train/sample2300.jpg
-10,./data_train/sample2301.jpg
-7,./data_train/sample2302.jpg
-1,./data_train/sample2303.jpg
9,./data_train/sample2304.jpg
-7,./data_train/sample2305.jpg
4,./data_train/sample2306.jpg
-7,./data_train/sample2307.jpg
5,./data_train/sample2308.jpg
-10,./data_train/sample2309.jpg
0,./data_train/sample2310.jpg
2,./data_train/sample2311.jpg
0,./data_train/sample2312.jpg
9,./data_train/sample2313.jpg
-7,./data_train/sample2314.jpg
5,./data_train/sample2315.jpg
-6,./data_train/sample2316.jpg
8,./data_train/sample2317.jpg
9,./data_train/sample2318.jpg
-5,./data_train/sample2319.jpg
2,./data_train/sample2320.jpg
-1,./data_train/sample2321.jpg
5,./data_train/sample2322.jpg
6,./data_train/sample2323.jpg
-5,./data_train/sample2324.jpg
6,./data_train/sample2325.jpg
-7,./data_train/sample2326.jpg
-7,./data_train/sample2327.jpg
-9,./data_train/sample2328.jpg
6,./data_train/sample2329.jpg
-1,./data_train/sample2330.jpg
7,./data_train/sample2331.jpg
3,./data_train/sample2332.jpg
6,./data_train/sample2333.jpg
2,./data_train/sample2334.jpg
-4,./data_train/sample2335.jpg
4,./data_train/sample2336.jpg
9,./data_train/sample2337.jpg
5,./data_train/sample2338.jpg
-4,./data_train/sample2339.jpg
7,./data_train/sample2340.jpg
-7,./data_train/sample2341.jpg
3,./data_train/sample2342.jpg
-9,./data_train/sample2343.jpg
-7,./data_train/sample2344.jpg
-2,./data_train/sample2345.jpg
0,./data_train/sample2346.jpg
-4,./data_train/sample2347.jpg
-2,./data_train/sample2348.jpg
-7,./data_train/sample2349.jpg
-8,./data_train/sample2350.jpg
5,./data_train/sample2351.jpg
-2,./data_train/sample2352.jpg
0,./data_train/sample2353.jpg
3,./data_train/sample2354.jpg
-1,./data_train/sample2355.jpg
2,./data_train/sample2356.jpg
-1,./data_train/sample2357.jpg
6,./data_train/sample2358.jpg
-4,./data_train/sample2359.jpg
-4,./data_train/sample2360.jpg
-6,./data_train/sample2361.jpg
-6,./data_train/sample2362.jpg
7,./data_train/sample2363.jpg
-7,./data_train/sample2364.jpg
6,./data_train/sample2365.jpg
-8,./data_train/sample2366.jpg
0,./data_train/sample2367.jpg
1,./data_train/sample2368.jpg
-4,./data_train/sample2369.jpg
8,./data_train/sample2370.jpg
3,./data_train/sample2371.jpg
-6,./data_train/sample2372.jpg
9,./data_train/sample2373.jpg
0,./data_train/sample2374.jpg
8,./data_train/sample2375.jpg
7,./data_train/sample2376.jpg
2,./data_train/sample2377.jpg
10,./data_train/sample2378.jpg
1,./data_train/sample2379.jpg
1,./data_train/sample2380.jpg
-6,./data_train/sample2381.jpg
-10,./data_train/sample2382.jpg
6,./data_train/sample2383.jpg
-3,./data_train/sample2384.jpg
-2,./data_train/sample2385.jpg
-5,./data_train/sample2386.jpg
0,./data_train/sample2387.jpg
0,./data_train/sample2388.jpg
-3,./data_train/sample2389.jpg
5,./data_train/sample2390.jpg
3,./data_train/sample2391.jpg
-3,./data_train/sample2392.jpg
-9,./data_train/sample2393.jpg
4,./data_train/sample2394.jpg
-5,./data_train/sample2395.jpg
7,./data_train/sample2396.jpg
-9,./data_train/sample2397.jpg
5,./data_train/sample2398.jpg
-8,./data_train/sample2399.jpg
-9,./data_train/sample2400.jpg
-2,./data_train/sample2401.jpg
5,./data_train/sample2402.jpg
-8,./data_train/sample2403.jpg
-4,./data_train/sample2404.jpg
8,./data_train/sample2405.jpg
3,./data_train/sample2406.jpg
0,./data_train/sample2407.jpg
8,./data_train/sample2408.jpg
-8,./data_train/sample2409.jpg
-1,./data_train/sample2410.jpg
5,./data_train/sample2411.jpg
-10,./data_train/sample2412.jpg
-9,./data_train/sample2413.jpg
-6,./data_train/sample2414.jpg
-5,./data_train/sample2415.jpg
9,./data_train/sample2416.jpg
-4,./data_train/sample2417.jpg
4,./data_train/sample2418.jpg
4,./data_train/sample2419.jpg
3,./data_train/sample2420.jpg
-4,./data_train/sample2421.jpg
-6,./data_train/sample2422.jpg
-4,./data_train/sample2423.jpg
3,./data_train/sample2424.jpg
-4,./data_train/sample2425.jpg
-3,./data_train/sample2426.jpg
-10,./data_train/sample2427.jpg
5,./data_train/sample2428.jpg
3,./data_train/sample2429.jpg
-5,./data_train/sample2430.jpg
-9,./data_train/sample2431.jpg
3,./data_train/sample2432.jpg
4,./data_train/sample2433.jpg
0,./data_train/sample2434.jpg
3,./data_train/sample2435.jpg
0,./data_train/sample2436.jpg
2,./data_train/sample2437.jpg
5,./data_train/sample2438.jpg
1,./data_train/sample2439.jpg
1,./data_train/sample2440.jpg
-10,./data_train/sample2441.jpg
0,./data_train/sample2442.jpg
-1,./data_train/sample2443.jpg
1,./data_train/sample2444.jpg
10,./data_train/sample2445.jpg
0,./data_train/sample2446.jpg
-4,./data_train/sample2447.jpg
8,./data_train/sample2448.jpg
9,./data_train/sample2449.jpg
7,./data_train/sample2450.jpg
-8,./data_train/sample2451.jpg
-9,./data_train/sample2452.jpg
9,./data_train/sample2453.jpg
6,./data_train/sample2454.jpg
2,./data_train/sample2455.jpg
0,./data_train/sample2456.jpg
-7,./data_train/sample2457.jpg
8,./data_train/sample2458.jpg
-10,./data_train/sample2459.jpg
-2,./data_train/sample2460.jpg
-3,./data_train/sample2461.jpg
1,./data_train/sample2462.jpg
-10,./data_train/sample2463.jpg
-7,./data_train/sample2464.jpg
-10,./data_train/sample2465.jpg
5,./data_train/sample2466.jpg
0,./data_train/sample2467.jpg
-7,./data_train/sample2468.jpg
7,./data_train/sample2469.jpg
3,./data_train/sample2470.jpg
6,./data_train/sample2471.jpg
-7,./data_train/sample2472.jpg
9,./data_train/sample2473.jpg
-1,./data_train/sample2474.jpg
-4,./data_train/sample2475.jpg
-5,./data_train/sample2476.jpg
-9,./data_train/sample2477.jpg
9,./data_train/sample2478.jpg
-5,./data_train/sample2479.jpg
-3,./data_train/sample2480.jpg
-10,./data_train/sample2481.jpg
4,./data_train/sample2482.jpg
4,./data_train/sample2483.jpg
10,./data_train/sample2484.jpg
-5,./data_train/sample2485.jpg
3,./data_train/sample2486.jpg
-2,./data_train/sample2487.jpg
0,./data_train/sample2488.jpg
-4,./data_train/sample2489.jpg
4,./data_train/sample2490.jpg
0,./data_train/sample2491.jpg
7,./data_train/sample2492.jpg
-2,./data_train/sample2493.jpg
0,./data_train/sample2494.jpg
1,./data_train/sample2495.jpg
-1,./data_train/sample2496.jpg
-7,./data_train/sample2497.jpg
-2,./data_train/sample2498.jpg
-9,./data_train/sample2499.jpg
-10,./data_train/sample2500.jpg
-4,./data_train/sample2501.jpg
7,./data_train/sample2502.jpg
2,./data_train/sample2503.jpg
-8,./data_train/sample2504.jpg
-8,./data_train/sample2505.jpg
-9,./data_train/sample2506.jpg
-5,./data_train/sample2507.jpg
8,./data_train/sample2508.jpg
4,./data_train/sample2509.jpg
3,./data_train/sample2510.jpg
7,./data_train/sample2511.jpg
-9,./data_train/sample2512.jpg
-5,./data_train/sample2513.jpg
9,./data_train/sample2514.jpg
0,./data_train/sample2515.jpg
5,./data_train/sample2516.jpg
5,./data_train/sample2517.jpg
0,./data_train/sample2518.jpg
0,./data_train/sample2519.jpg
4,./data_train/sample2520.jpg
-7,./data_train/sample2521.jpg
0,./data_train/sample2522.jpg
-2,./data_train/sample2523.jpg
-10,./data_train/sample2524.jpg
8,./data_train/sample2525.jpg
-3,./data_train/sample2526.jpg
-1,./data_train/sample2527.jpg
-1,./data_train/sample2528.jpg
-8,./data_train/sample2529.jpg
-7,./data_train/sample2530.jpg
6,./data_train/sample2531.jpg
-4,./data_train/sample2532.jpg
-9,./data_train/sample2533.jpg
1,./data_train/sample2534.jpg
0,./data_train/sample2535.jpg
-5,./data_train/sample2536.jpg
10,./data_train/sample2537.jpg
0,./data_train/sample2538.jpg
-5,./data_train/sample2539.jpg
-8,./data_train/sample2540.jpg
7,./data_train/sample2541.jpg
2,./data_train/sample2542.jpg
2,./data_train/sample2543.jpg
5,./data_train/sample2544.jpg
9,./data_train/sample2545.jpg
9,./data_train/sample2546.jpg
-10,./data_train/sample2547.jpg
-4,./data_train/sample2548.jpg
-5,./data_train/sample2549.jpg
5,./data_train/sample2550.jpg
0,./data_train/sample2551.jpg
9,./data_train/sample2552.jpg
2,./data_train/sample2553.jpg
-7,./data_train/sample2554.jpg
-8,./data_train/sample2555.jpg
8,./data_train/sample2556.jpg
-4,./data_train/sample2557.jpg
-9,./data_train/sample2558.jpg
-9,./data_train/sample2559.jpg
-2,./data_train/sample2560.jpg
7,./data_train/sample2561.jpg
7,./data_train/sample2562.jpg
6,./data_train/sample2563.jpg
-6,./data_train/sample2564.jpg
7,./data_train/sample2565.jpg
-1,./data_train/sample2566.jpg
-7,./data_train/sample2567.jpg
-4,./data_train/sample2568.jpg
-7,./data_train/sample2569.jpg
-7,./data_train/sample2570.jpg
1,./data_train/sample2571.jpg
9,./data_train/sample2572.jpg
-1,./data_train/sample2573.jpg
-6,./data_train/sample2574.jpg
2,./data_train/sample2575.jpg
7,./data_train/sample2576.jpg
10,./data_train/sample2577.jpg
0,./data_train/sample2578.jpg
4,./data_train/sample2579.jpg
0,./data_train/sample2580.jpg
-2,./data_train/sample2581.jpg
5,./data_train/sample2582.jpg
10,./data_train/sample2583.jpg
-3,./data_train/sample2584.jpg
0,./data_train/sample2585.jpg
-9,./data_train/sample2586.jpg
6,./data_train/sample2587.jpg
7,./data_train/sample2588.jpg
4,./data_train/sample2589.jpg
8,./data_train/sample2590.jpg
6,./data_train/sample2591.jpg
-8,./data_train/sample2592.jpg
4,./data_train/sample2593.jpg
-7,./data_train/sample2594.jpg
5,./data_train/sample2595.jpg
2,./data_train/sample2596.jpg
5,./data_train/sample2597.jpg
-10,./data_train/sample2598.jpg
4,./data_train/sample2599.jpg
